{"type": "block", "layer": 0, "block": 0, "features": [{"geom": {"triangles": {"v": [-11.771741763559868, -35.17139050388177, 0.3216878066963307, -11.861070736427537, -35.109314437994485, 0.3254858937126344, -11.904978197667448, -35.15625000001381, 0.3218303262810767, -11.942829457357496, -35.206213662786425, 0.31572276944604477, -11.874697189916606, -35.2728318798544, 0.3085109578884581, -11.81564922479978, -35.20469961240679, 0.31900387843595324, -11.798994670535773, -35.21529796514184, 0.3183652940160274], "f": [0, 1, 2, 2, 3, 4, 5, 6, 0, 2, 4, 5, 5, 0, 2]}, "centroids": [[-11.86053583909713, -35.18840915802305, 0.3216878066963307]], "brdr": [[[-11.861070736427537, -35.109314437994485, 0.3254858937126344, -11.904978197667448, -35.15625000001381, 0.3218303262810767, -11.942829457357496, -35.206213662786425, 0.31572276944604477, -11.874697189916606, -35.2728318798544, 0.3085109578884581, -11.81564922479978, -35.20469961240679, 0.31900387843595324, -11.798994670535773, -35.21529796514184, 0.3183652940160274, -11.771741763559868, -35.17139050388177, 0.3216878066963307, -11.861070736427537, -35.109314437994485, 0.3254858937126344]]]}, "mtl": {"face": 0, "brdr": 1}}, {"geom": {"triangles": {"v": [-12.516654554255046, -35.178960755809776, 0.32924912761851627, -12.419755329449666, -35.11991279069369, 0.3320290125925677, -12.503028100765972, -35.006359011624305, 0.3496680554065379, -12.587814922472361, -35.08660368218658, 0.3437520229621871], "f": [0, 1, 2, 2, 3, 0]}, "centroids": [[-12.505560353573753, -35.09664103987014, 0.32924912761851627]], "brdr": [[[-12.419755329449666, -35.11991279069369, 0.3320290125925677, -12.503028100765972, -35.006359011624305, 0.3496680554065379, -12.587814922472361, -35.08660368218658, 0.3437520229621871, -12.516654554255046, -35.178960755809776, 0.32924912761851627, -12.419755329449666, -35.11991279069369, 0.3320290125925677]]]}, "mtl": {"face": 2, "brdr": 3}}, {"geom": {"triangles": {"v": [-11.779596203157505, -35.765895953755326, 0.2833249264212476, -11.808172453433208, -35.765895953755326, 0.28312394372227195, -11.761521923447354, -35.87996608529864, 0.2713656589493557, -11.739130434782869, -35.8716843018128, 0.2711703647520782, -11.739130434782869, -35.857840326209825, 0.27209784936024106, -11.79369549418393, -35.73386022287612, 0.28520830800963687, -11.81678476259645, -35.74483708819711, 0.28436660841467953, -11.733890503873557, -35.86974624517343, 0.2711817986159458], "f": [0, 1, 2, 2, 3, 4, 4, 0, 2, 5, 6, 1, 1, 0, 5, 4, 3, 7]}, "centroids": [[-11.77576030027468, -35.80868387520158, 0.2833249264212476]], "brdr": [[[-11.79369549418393, -35.73386022287612, 0.28520830800963687, -11.81678476259645, -35.74483708819711, 0.28436660841467953, -11.808172453431714, -35.765895953755326, 0.28312394372228245, -11.788173566310645, -35.81479734213074, 0.27662453010129073, -11.761521923447354, -35.87996608529864, 0.2713656589493557, -11.739130434782869, -35.8716843018128, 0.2711703647520782, -11.733890503873557, -35.86974624517343, 0.2711817986159458, -11.739130434782869, -35.857840326209825, 0.27209784936024106, -11.767254329463233, -35.793938565504924, 0.2773211602133242, -11.779596203156755, -35.765895953755326, 0.28332492642125284, -11.79369549418393, -35.73386022287612, 0.28520830800963687]]]}, "mtl": {"face": 4, "brdr": 5}}], "featureCount": 3}