{"type": "block", "layer": 0, "block": 0, "features": [{"geom": {"triangles": {"v": [-11.771741763559868, -35.17139050388177, 0.16084390334816534, -11.861070736427537, -35.109314437994485, 0.1627429468563172, -11.904978197667448, -35.15625000001381, 0.16091516314053836, -11.942829457357496, -35.206213662786425, 0.15786138472302239, -11.874697189916606, -35.2728318798544, 0.15425547894422906, -11.81564922479978, -35.20469961240679, 0.15950193921797662, -11.798994670535773, -35.21529796514184, 0.1591826470080137], "f": [0, 1, 2, 2, 3, 4, 5, 6, 0, 2, 4, 5, 5, 0, 2]}, "centroids": [[-11.86053583909713, -35.18840915802305, 0.16084390334816534]], "brdr": [[[-11.861070736427537, -35.109314437994485, 0.1627429468563172, -11.904978197667448, -35.15625000001381, 0.16091516314053836, -11.942829457357496, -35.206213662786425, 0.15786138472302239, -11.874697189916606, -35.2728318798544, 0.15425547894422906, -11.81564922479978, -35.20469961240679, 0.15950193921797662, -11.798994670535773, -35.21529796514184, 0.1591826470080137, -11.771741763559868, -35.17139050388177, 0.16084390334816534, -11.861070736427537, -35.109314437994485, 0.1627429468563172]]]}, "mtl": {"face": 0, "brdr": 1}}, {"geom": {"triangles": {"v": [-12.516654554255046, -35.178960755809776, 0.16462456380925813, -12.419755329449666, -35.11991279069369, 0.16601450629628384, -12.503028100765972, -35.006359011624305, 0.17483402770326895, -12.587814922472361, -35.08660368218658, 0.17187601148109355], "f": [0, 1, 2, 2, 3, 0]}, "centroids": [[-12.505560353573753, -35.09664103987014, 0.16462456380925813]], "brdr": [[[-12.419755329449666, -35.11991279069369, 0.16601450629628384, -12.503028100765972, -35.006359011624305, 0.17483402770326895, -12.587814922472361, -35.08660368218658, 0.17187601148109355, -12.516654554255046, -35.178960755809776, 0.16462456380925813, -12.419755329449666, -35.11991279069369, 0.16601450629628384]]]}, "mtl": {"face": 2, "brdr": 3}}, {"geom": {"triangles": {"v": [-11.779596203157505, -35.765895953755326, 0.1416624632106238, -11.808172453433208, -35.765895953755326, 0.14156197186113598, -11.761521923447354, -35.87996608529864, 0.13568282947467786, -11.739130434782869, -35.8716843018128, 0.1355851823760391, -11.739130434782869, -35.857840326209825, 0.13604892468012053, -11.79369549418393, -35.73386022287612, 0.14260415400481843, -11.81678476259645, -35.74483708819711, 0.14218330420733977, -11.733890503873557, -35.86974624517343, 0.1355908993079729], "f": [0, 1, 2, 2, 3, 4, 4, 0, 2, 5, 6, 1, 1, 0, 5, 4, 3, 7]}, "centroids": [[-11.77576030027468, -35.80868387520158, 0.1416624632106238]], "brdr": [[[-11.79369549418393, -35.73386022287612, 0.14260415400481843, -11.81678476259645, -35.74483708819711, 0.14218330420733977, -11.808172453431714, -35.765895953755326, 0.14156197186114122, -11.788173566310645, -35.81479734213074, 0.13831226505064537, -11.761521923447354, -35.87996608529864, 0.13568282947467786, -11.739130434782869, -35.8716843018128, 0.1355851823760391, -11.733890503873557, -35.86974624517343, 0.1355908993079729, -11.739130434782869, -35.857840326209825, 0.13604892468012053, -11.767254329463233, -35.793938565504924, 0.1386605801066621, -11.779596203156755, -35.765895953755326, 0.14166246321062642, -11.79369549418393, -35.73386022287612, 0.14260415400481843]]]}, "mtl": {"face": 4, "brdr": 5}}], "featureCount": 3}