{"type": "block", "layer": 1, "block": 0, "features": [{"geom": {"pts": [[27.01044842805256, 6.434855940871157, 0.0]], "r": 0.03206765515616837, "h": 0.0}, "mtl": 0, "prop": ["1", "20.5", "317"], "lh": 0.0}, {"geom": {"pts": [[-27.118354035855987, 35.55082936631249, 0.0]], "r": 0.03206765515616837, "h": 0.0}, "mtl": 0, "prop": ["2", "2500.50", "46"], "lh": 0.0}, {"geom": {"pts": [[-11.738301039383515, -35.6639145001105, 0.0]], "r": 0.03206765515616837, "h": 0.0}, "mtl": 0, "prop": ["3", "NULL", "45"], "lh": 0.0}], "featureCount": 3}