{"type": "block", "layer": 1, "block": 0, "features": [{"geom": {"pts": [[27.01044842805256, 6.434855940871157, 2.033089336901075]], "r": 0.03206765515616837, "h": 0.006413531031233675}, "mtl": 0, "prop": ["1", "20.5", "317"], "lh": 0.32067655156168373}, {"geom": {"pts": [[-27.118354035855987, 35.55082936631249, 0.29502242743674906]], "r": 0.03206765515616837, "h": 0.006413531031233675}, "mtl": 0, "prop": ["2", "2500.50", "46"], "lh": 0.32067655156168373}, {"geom": {"pts": [[-11.738301039383515, -35.6639145001105, 0.28860889640551535]], "r": 0.03206765515616837, "h": 0.006413531031233675}, "mtl": 0, "prop": ["3", "NULL", "45"], "lh": 0.32067655156168373}], "featureCount": 3}